[
  {
    "id": "664f4682-f258-47ca-ab6c-bb6b0eea0212",
    "data": [
      {
        "text": "quiero ",
        "userDefined": false
      },
      {
        "text": "un",
        "meta": "@sys.ignore",
        "userDefined": false
      },
      {
        "text": " asesor",
        "userDefined": false
      }
    ],
    "isTemplate": false,
    "count": 1,
    "lang": "es",
    "updated": 0
  },
  {
    "id": "ef547655-4c57-475f-bb46-3938422f23d4",
    "data": [
      {
        "text": "contacto",
        "userDefined": false
      }
    ],
    "isTemplate": false,
    "count": 0,
    "lang": "es",
    "updated": 0
  },
  {
    "id": "ad517132-66db-4aa8-9ba6-848dbad0efce",
    "data": [
      {
        "text": "llamar asesor",
        "userDefined": false
      }
    ],
    "isTemplate": false,
    "count": 0,
    "lang": "es",
    "updated": 0
  }
]