[
  {
    "id": "f93b9e8d-2c46-4703-9c1f-e0cdbc3fd122",
    "data": [
      {
        "text": "hasta la proxima",
        "userDefined": false
      }
    ],
    "isTemplate": false,
    "count": 0,
    "lang": "es",
    "updated": 0
  },
  {
    "id": "4a0563b4-ed7f-4448-99c9-3d871ac36027",
    "data": [
      {
        "text": "adios",
        "userDefined": false
      }
    ],
    "isTemplate": false,
    "count": 0,
    "lang": "es",
    "updated": 0
  },
  {
    "id": "bef70d16-19ad-453f-9b1f-3aa06d0436ad",
    "data": [
      {
        "text": "bye",
        "userDefined": false
      }
    ],
    "isTemplate": false,
    "count": 0,
    "lang": "es",
    "updated": 0
  },
  {
    "id": "4b529f70-2d0b-49af-9d6f-e09995b5874e",
    "data": [
      {
        "text": "muchas",
        "meta": "@sys.ignore",
        "userDefined": false
      }
    ],
    "isTemplate": false,
    "count": 0,
    "lang": "es",
    "updated": 0
  },
  {
    "id": "84dc7ea5-fb7f-4a1f-87ab-96c57038ebaa",
    "data": [
      {
        "text": "nos vemos",
        "userDefined": false
      }
    ],
    "isTemplate": false,
    "count": 0,
    "lang": "es",
    "updated": 0
  },
  {
    "id": "c76f9a54-a640-4eff-a7bd-8d4d4a2cebdc",
    "data": [
      {
        "text": "chao",
        "meta": "@sys.ignore",
        "userDefined": false
      }
    ],
    "isTemplate": false,
    "count": 0,
    "lang": "es",
    "updated": 0
  },
  {
    "id": "c92dc8bb-3643-429e-b2e1-ff2811e4ed7e",
    "data": [
      {
        "text": "hasta luego",
        "userDefined": false
      }
    ],
    "isTemplate": false,
    "count": 0,
    "lang": "es",
    "updated": 0
  },
  {
    "id": "78dad1e0-0965-4cd0-9589-73ae9fa137f5",
    "data": [
      {
        "text": "gracias",
        "meta": "@sys.ignore",
        "userDefined": false
      }
    ],
    "isTemplate": false,
    "count": 0,
    "lang": "es",
    "updated": 0
  },
  {
    "id": "cfc2c909-db05-4cf6-bb6c-7c2c99534ae3",
    "data": [
      {
        "text": "ok",
        "meta": "@sys.ignore",
        "userDefined": false
      }
    ],
    "isTemplate": false,
    "count": 0,
    "lang": "es",
    "updated": 0
  }
]