[
  {
    "id": "be5b268e-9a9e-4d1d-9129-bb221860a9e8",
    "data": [
      {
        "text": "que mas",
        "userDefined": false
      }
    ],
    "isTemplate": false,
    "count": 0,
    "lang": "es",
    "updated": 0
  },
  {
    "id": "4fb7be0d-8f4b-4169-a524-0034796ff765",
    "data": [
      {
        "text": "que hizo",
        "userDefined": false
      }
    ],
    "isTemplate": false,
    "count": 0,
    "lang": "es",
    "updated": 0
  },
  {
    "id": "d26b5f7e-9549-45f1-9223-ec20b89e2016",
    "data": [
      {
        "text": "holi",
        "userDefined": false
      }
    ],
    "isTemplate": false,
    "count": 0,
    "lang": "es",
    "updated": 0
  },
  {
    "id": "90575efe-cf6d-4fe7-b75a-05d336783bf5",
    "data": [
      {
        "text": "saludos",
        "userDefined": false
      }
    ],
    "isTemplate": false,
    "count": 0,
    "lang": "es",
    "updated": 0
  },
  {
    "id": "135e479c-f277-48f8-a396-ce8215306ed9",
    "data": [
      {
        "text": "hey",
        "userDefined": false
      }
    ],
    "isTemplate": false,
    "count": 0,
    "lang": "es",
    "updated": 0
  },
  {
    "id": "8a14dbf6-d3d4-40cf-ab09-9d1fddedc500",
    "data": [
      {
        "text": "buenas",
        "meta": "@sys.ignore",
        "userDefined": false
      }
    ],
    "isTemplate": false,
    "count": 0,
    "lang": "es",
    "updated": 0
  },
  {
    "id": "2c6b0aa1-099d-4e9b-a1e9-d18e54aef8c8",
    "data": [
      {
        "text": "hello",
        "userDefined": false
      }
    ],
    "isTemplate": false,
    "count": 0,
    "lang": "es",
    "updated": 0
  },
  {
    "id": "5e82503d-eda9-4fd5-ad4b-8591b113cef9",
    "data": [
      {
        "text": "hi",
        "meta": "@sys.ignore",
        "userDefined": false
      }
    ],
    "isTemplate": false,
    "count": 0,
    "lang": "es",
    "updated": 0
  },
  {
    "id": "ddf68065-529c-448e-b075-2aa8a9d4570c",
    "data": [
      {
        "text": "hola",
        "meta": "@sys.ignore",
        "userDefined": false
      }
    ],
    "isTemplate": false,
    "count": 0,
    "lang": "es",
    "updated": 0
  },
  {
    "id": "d1597d9a-d91d-4005-bd0a-40a791a08e9a",
    "data": [
      {
        "text": "nea",
        "meta": "@sys.ignore",
        "userDefined": false
      }
    ],
    "isTemplate": false,
    "count": 0,
    "lang": "es",
    "updated": 0
  },
  {
    "id": "1f3538fe-9b90-4524-bcf2-7f4b4a842d66",
    "data": [
      {
        "text": "que tal",
        "userDefined": false
      }
    ],
    "isTemplate": false,
    "count": 0,
    "lang": "es",
    "updated": 0
  },
  {
    "id": "12b3426e-eadc-46ae-9072-030520beec74",
    "data": [
      {
        "text": "perrito",
        "userDefined": false
      }
    ],
    "isTemplate": false,
    "count": 0,
    "lang": "es",
    "updated": 0
  },
  {
    "id": "6437286f-b89c-4fa8-afa9-381d64ca9b9f",
    "data": [
      {
        "text": "bienvenida",
        "meta": "@sys.ignore",
        "userDefined": false
      }
    ],
    "isTemplate": false,
    "count": 0,
    "lang": "es",
    "updated": 0
  },
  {
    "id": "ca66a6eb-5915-440a-9a2a-3630b15e91f3",
    "data": [
      {
        "text": "opciones",
        "userDefined": false
      }
    ],
    "isTemplate": false,
    "count": 0,
    "lang": "es",
    "updated": 0
  },
  {
    "id": "2c770651-9122-4954-9126-433efb4d461c",
    "data": [
      {
        "text": "menu",
        "userDefined": false
      }
    ],
    "isTemplate": false,
    "count": 0,
    "lang": "es",
    "updated": 0
  }
]