[
  {
    "id": "0abec423-d6d0-4542-9e19-590b4a8ad24f",
    "data": [
      {
        "text": "siguiente",
        "userDefined": false
      }
    ],
    "isTemplate": false,
    "count": 0,
    "lang": "es",
    "updated": 0
  },
  {
    "id": "a8742d26-d08b-44f0-a57a-93f9dd410511",
    "data": [
      {
        "text": "50/50",
        "meta": "@sys.ignore",
        "userDefined": false
      }
    ],
    "isTemplate": false,
    "count": 0,
    "lang": "es",
    "updated": 0
  },
  {
    "id": "41a7765f-ce0a-441b-9cd0-09a0f017de48",
    "data": [
      {
        "text": "plan ",
        "userDefined": false
      },
      {
        "text": "50",
        "meta": "@sys.ignore",
        "userDefined": false
      }
    ],
    "isTemplate": false,
    "count": 0,
    "lang": "es",
    "updated": 0
  }
]