[
  {
    "id": "82b3b479-8cad-47e5-b87a-4e17fbdb91f1",
    "data": [
      {
        "text": "Salir",
        "meta": "@sys.ignore",
        "userDefined": false
      }
    ],
    "isTemplate": false,
    "count": 0,
    "lang": "es",
    "updated": 0
  },
  {
    "id": "5b86d1b0-bb7a-4ead-a6dc-2280a7b40d73",
    "data": [
      {
        "text": "me voy",
        "userDefined": false
      }
    ],
    "isTemplate": false,
    "count": 0,
    "lang": "es",
    "updated": 0
  },
  {
    "id": "38a4ce0d-1073-42fe-aa04-d2f57ea85393",
    "data": [
      {
        "text": "si",
        "userDefined": false
      }
    ],
    "isTemplate": false,
    "count": 0,
    "lang": "es",
    "updated": 0
  }
]