[
  {
    "id": "9ebd790e-bfbf-401f-aba9-1eca09fe5a74",
    "data": [
      {
        "text": "practicar",
        "meta": "@sys.ignore",
        "userDefined": false
      }
    ],
    "isTemplate": false,
    "count": 0,
    "lang": "es",
    "updated": 0
  },
  {
    "id": "3471898a-86e1-4850-b341-b3bedf9f4ec3",
    "data": [
      {
        "text": "drive",
        "userDefined": false
      }
    ],
    "isTemplate": false,
    "count": 0,
    "lang": "es",
    "updated": 0
  },
  {
    "id": "e2447a30-4b3f-4270-8a22-061f8e771234",
    "data": [
      {
        "text": "test",
        "userDefined": false
      }
    ],
    "isTemplate": false,
    "count": 0,
    "lang": "es",
    "updated": 0
  }
]