[
  {
    "id": "92c965a1-429b-4369-835c-96f5b469d04b",
    "data": [
      {
        "text": "quiero un ",
        "userDefined": false
      },
      {
        "text": "campero",
        "meta": "@tipoVehiculo",
        "alias": "tipovehiculo",
        "userDefined": false
      },
      {
        "text": " ",
        "userDefined": false
      },
      {
        "text": "4x4",
        "meta": "@tipoVehiculo",
        "alias": "tipovehiculo",
        "userDefined": false
      }
    ],
    "isTemplate": false,
    "count": 0,
    "lang": "es",
    "updated": 0
  },
  {
    "id": "1c1b2dcf-f01e-4c4b-987b-b8989d2c48c9",
    "data": [
      {
        "text": "campero",
        "meta": "@tipoVehiculo",
        "alias": "tipovehiculo",
        "userDefined": true
      }
    ],
    "isTemplate": false,
    "count": 0,
    "lang": "es",
    "updated": 0
  }
]