[
  {
    "id": "368d8143-c56d-405b-b919-fe57d22b30e8",
    "data": [
      {
        "text": "quiero ver ",
        "userDefined": false
      },
      {
        "text": "camionetas",
        "meta": "@tipoVehiculo",
        "alias": "tipoVehiculo",
        "userDefined": true
      }
    ],
    "isTemplate": false,
    "count": 0,
    "lang": "es",
    "updated": 0
  },
  {
    "id": "8d24b8d2-5f31-497a-a6ca-a38c156f89e3",
    "data": [
      {
        "text": "camioneta",
        "meta": "@tipoVehiculo",
        "alias": "tipoVehiculo",
        "userDefined": true
      }
    ],
    "isTemplate": false,
    "count": 0,
    "lang": "es",
    "updated": 0
  }
]