[
  {
    "id": "779d5821-08b1-4b10-a3c0-451b8334d73c",
    "data": [
      {
        "text": "usada",
        "meta": "@Caracteristica",
        "alias": "Caracteristica",
        "userDefined": false
      }
    ],
    "isTemplate": false,
    "count": 0,
    "lang": "es",
    "updated": 0
  },
  {
    "id": "595aecd6-78a9-4978-ba8d-b4ce71b2ede1",
    "data": [
      {
        "text": "usados",
        "meta": "@Caracteristica",
        "alias": "Caracteristica",
        "userDefined": false
      }
    ],
    "isTemplate": false,
    "count": 0,
    "lang": "es",
    "updated": 0
  },
  {
    "id": "520f7179-40a6-4ac8-8ccf-8e147ba468c2",
    "data": [
      {
        "text": "necesito ",
        "userDefined": false
      },
      {
        "text": "un",
        "meta": "@sys.ignore",
        "userDefined": false
      },
      {
        "text": " ",
        "userDefined": false
      },
      {
        "text": "carro",
        "meta": "@sys.ignore",
        "userDefined": true
      },
      {
        "text": " ",
        "userDefined": false
      },
      {
        "text": "nuevo",
        "meta": "@Caracteristica",
        "alias": "Caracteristica",
        "userDefined": true
      }
    ],
    "isTemplate": false,
    "count": 1,
    "lang": "es",
    "updated": 0
  },
  {
    "id": "f7d10353-9baf-4429-8465-380ab1041025",
    "data": [
      {
        "text": "quiero ",
        "userDefined": false
      },
      {
        "text": "un",
        "meta": "@sys.ignore",
        "userDefined": false
      },
      {
        "text": " ",
        "userDefined": false
      },
      {
        "text": "carro",
        "meta": "@sys.ignore",
        "userDefined": true
      },
      {
        "text": " ",
        "userDefined": false
      },
      {
        "text": "nuevo",
        "meta": "@Caracteristica",
        "alias": "Caracteristica",
        "userDefined": true
      }
    ],
    "isTemplate": false,
    "count": 0,
    "lang": "es",
    "updated": 0
  }
]