[
  {
    "value": "Chevrolet",
    "synonyms": [
      "Chevrolet"
    ]
  },
  {
    "value": "Renault",
    "synonyms": [
      "Renault"
    ]
  },
  {
    "value": "Nissan",
    "synonyms": [
      "Nissan"
    ]
  },
  {
    "value": "Toyota",
    "synonyms": [
      "Toyota"
    ]
  },
  {
    "value": "Skoda",
    "synonyms": [
      "Skoda"
    ]
  },
  {
    "value": "Subaru",
    "synonyms": [
      "Subaru"
    ]
  },
  {
    "value": "Mazda",
    "synonyms": [
      "Mazda"
    ]
  },
  {
    "value": "Kia",
    "synonyms": [
      "Kia"
    ]
  },
  {
    "value": "Suzuki",
    "synonyms": [
      "suzuki"
    ]
  },
  {
    "value": "Jac",
    "synonyms": [
      "Jac"
    ]
  },
  {
    "value": "Volkswagen",
    "synonyms": [
      "Volkswagen"
    ]
  },
  {
    "value": "Ford",
    "synonyms": [
      "Ford"
    ]
  },
  {
    "value": "Hyundai",
    "synonyms": [
      "Hyundai"
    ]
  },
  {
    "value": "Citroen",
    "synonyms": [
      "Citroen"
    ]
  },
  {
    "value": "Mercedes Benz",
    "synonyms": [
      "Mercedes Benz"
    ]
  },
  {
    "value": "Peugeot",
    "synonyms": [
      "peugeot"
    ]
  },
  {
    "value": "BMW",
    "synonyms": [
      "BMW"
    ]
  },
  {
    "value": "Volvo",
    "synonyms": [
      "Volvo"
    ]
  },
  {
    "value": "Jeep",
    "synonyms": [
      "Jeep"
    ]
  },
  {
    "value": "Fiat",
    "synonyms": [
      "Fiat"
    ]
  },
  {
    "value": "Honda",
    "synonyms": [
      "Honda"
    ]
  },
  {
    "value": "Audi",
    "synonyms": [
      "Audi"
    ]
  }
]